{"id":[0,0,1,0,1,1,1,0,1,0,0,0,1,0,1,1,1,1,0,1,1,0,0,0,0,0,1,0,1,1,0,0,1,1,0,0,1,1,1,0,1,1,1,1,0,0,1,1,0,0,1,0,1,1,0,0,0,0,0,1,0,1,1,1,0,1,0,0,0,0,0,0,1,0,1,0,0,1,1,1,1,0,0,1,1,1,0,1,0,1,0,0,1,1,0,1,1,0,1,0,1,1,0,0,1,0,0,0,1,1,1,1,1,1,1,0,1,0,0,0,0,0,0,1,0,0,1,1,1,0,0],"time":[1.4939144849777222,1.5761094093322755,1.6497077941894532,1.7534745931625367,2.0368220806121828,2.076524496078491,2.239514112472534,4.087285995483398,4.385958194732666,4.749940872192383,4.816524505615234,4.849340915679932,4.949110507965088,4.998441219329834,5.081274509429932,5.164107799530029,5.213807582855225,5.313523769378662,5.363300800323486,5.4131669998168949,5.577904224395752,5.753535747528076,5.7701334953308109,5.803236961364746,6.069195747375488,6.135106563568115,6.292600154876709,6.341939449310303,6.4082932472229,6.47507905960083,6.527699947357178,6.561001300811768,6.593987941741943,6.627100944519043,6.693514823913574,6.726500511169434,6.84315824508667,6.8930768966674809,6.925302505493164,6.991567611694336,7.057835102081299,7.1075358390808109,7.190708160400391,7.2407002449035648,7.406184673309326,7.554917335510254,7.637670040130615,7.671560287475586,7.786768913269043,7.786768913269043,7.853074073791504,7.902735710144043,8.018762588500977,8.051836013793946,8.151276588439942,8.201159477233887,8.350552558898926,8.400412559509278,8.483072280883789,8.56540298461914,8.615718841552735,8.797334671020508,8.996137619018555,9.062638282775879,9.509702682495118,9.774770736694336,9.824470520019532,9.874237060546875,10.10610580444336,10.371172904968262,10.487618446350098,10.884740829467774,11.05118179321289,12.094106674194336,12.724510192871094,12.773920059204102,12.773920059204102,12.773920059204102,12.956338882446289,12.956338882446289,12.956338882446289,12.956338882446289,12.956338882446289,12.972301483154297,12.972301483154297,13.353425979614258,13.353425979614258,13.370203018188477,13.370203018188477,13.601724624633789,13.783905029296875,13.783905029296875,14.164946556091309,14.198486328125,14.247770309448243,14.893871307373047,15.342620849609375,15.376553535461426,15.376553535461426,15.376553535461426,16.10454559326172,16.601543426513673,16.966005325317384,16.966005325317384,16.983030319213868,16.983030319213868,17.496135711669923,18.125905990600587,18.142234802246095,18.142234802246095,18.175872802734376,18.175872802734376,18.539945602416993,18.556861877441408,18.556861877441408,18.556861877441408,18.57298469543457,18.57298469543457,18.57298469543457,18.57298469543457,18.987163543701173,18.987163543701173,19.26877784729004,19.368175506591798,19.806968688964845,19.86345100402832,20.529903411865236,20.596677780151368,20.69832992553711,20.98155975341797,21.362546920776368],"offset":[{"x":-0.7813169956207275,"y":-0.6231880784034729},{"x":0.9411184787750244,"y":0.41017645597457888},{"x":0.3029572665691376,"y":-0.6623790860176086},{"x":0.7867188453674316,"y":-0.4994491934776306},{"x":0.780684232711792,"y":-0.7628632187843323},{"x":-0.757023811340332,"y":-0.5165157318115234},{"x":-0.4128473997116089,"y":-0.6831962466239929},{"x":-0.6006550788879395,"y":0.7269940972328186},{"x":0.878216028213501,"y":0.15688598155975343},{"x":-0.28546059131622317,"y":0.12670791149139405},{"x":0.7362067699432373,"y":0.4271059036254883},{"x":-0.5361387729644775,"y":0.6768083572387695},{"x":-0.7254962921142578,"y":-0.08450305461883545},{"x":-0.4273175001144409,"y":-0.16410017013549806},{"x":-0.4549328088760376,"y":0.18326866626739503},{"x":0.3742193877696991,"y":-0.08159816265106201},{"x":0.8647136688232422,"y":-0.4417129158973694},{"x":-0.4241222143173218,"y":-0.6889777779579163},{"x":0.2179630994796753,"y":-0.394035279750824},{"x":0.41126748919487,"y":0.5505452752113342},{"x":0.5114738941192627,"y":-0.37122681736946108},{"x":0.2992546260356903,"y":0.7001363635063171},{"x":0.5647852420806885,"y":0.41892164945602419},{"x":-0.25395071506500246,"y":-0.3149872422218323},{"x":0.3125304877758026,"y":-0.06342917680740357},{"x":0.340957373380661,"y":-0.7219042181968689},{"x":-0.08413994312286377,"y":0.3556709289550781},{"x":-0.01587378978729248,"y":0.43704909086227419},{"x":-0.04876577854156494,"y":0.7731981873512268},{"x":0.9479153156280518,"y":0.43822628259658816},{"x":0.34245726466178896,"y":0.6140148043632507},{"x":0.4948858916759491,"y":-0.49285680055618288},{"x":0.5453164577484131,"y":-0.39758676290512087},{"x":-0.4889024496078491,"y":-0.021777987480163575},{"x":0.19170987606048585,"y":-0.6711589694023132},{"x":-0.2172907590866089,"y":0.7047695517539978},{"x":-0.848196268081665,"y":0.6719158291816711},{"x":-0.8473258018493652,"y":0.09162318706512451},{"x":-0.36921775341033938,"y":0.38661879301071169},{"x":-0.8628313541412354,"y":0.03813469409942627},{"x":0.6305956840515137,"y":-0.505793035030365},{"x":-0.09361016750335694,"y":0.29563596844673159},{"x":0.22796332836151124,"y":0.4901452660560608},{"x":-0.24012458324432374,"y":-0.02956092357635498},{"x":0.3881532847881317,"y":-0.4199064373970032},{"x":0.022127509117126466,"y":-0.35913556814193728},{"x":-0.2166053056716919,"y":0.06093627214431763},{"x":-0.1013861894607544,"y":-0.14703112840652467},{"x":-0.28239238262176516,"y":-0.013485074043273926},{"x":0.18818747997283936,"y":0.331743985414505},{"x":-0.8057093620300293,"y":0.6440086364746094},{"x":0.29099032282829287,"y":-0.18647795915603639},{"x":-0.8819420337677002,"y":-0.4444156289100647},{"x":-0.018995165824890138,"y":0.5350961685180664},{"x":0.4837939441204071,"y":0.3010736107826233},{"x":-0.12423098087310791,"y":0.3076997399330139},{"x":0.6441457271575928,"y":0.28220096230506899},{"x":-0.06572449207305908,"y":-0.45307448506355288},{"x":0.05610167980194092,"y":0.04456263780593872},{"x":0.8734800815582275,"y":-0.5247731804847717},{"x":0.238211989402771,"y":-0.7219188809394836},{"x":0.12276947498321533,"y":0.003912091255187988},{"x":-0.5635716915130615,"y":-0.14260035753250123},{"x":-0.02393805980682373,"y":0.6896287798881531},{"x":-0.6812829971313477,"y":0.39573267102241518},{"x":-0.7779176235198975,"y":-0.38390547037124636},{"x":0.713099479675293,"y":-0.4759405255317688},{"x":-0.5042994022369385,"y":0.5357702374458313},{"x":0.10062038898468018,"y":-0.07330292463302612},{"x":-0.13487422466278077,"y":0.7602636218070984},{"x":0.8430652618408203,"y":-0.6144962906837463},{"x":-0.24339091777801515,"y":0.04999399185180664},{"x":-0.6475861072540283,"y":-0.3456464111804962},{"x":0.7049674987792969,"y":0.2362910807132721},{"x":-0.5931897163391113,"y":0.3742479085922241},{"x":0.3261658847332001,"y":0.4336280822753906},{"x":0.2794739902019501,"y":-0.06030261516571045},{"x":-0.30906784534454348,"y":0.5045846700668335},{"x":-0.6546115875244141,"y":0.3427194356918335},{"x":0.11465299129486084,"y":0.18809974193572999},{"x":-0.58856201171875,"y":0.5954133868217468},{"x":0.9447314739227295,"y":0.27751174569129946},{"x":0.4704544246196747,"y":0.6873268485069275},{"x":0.35344263911247256,"y":-0.4573870003223419},{"x":0.24066269397735597,"y":0.518746554851532},{"x":0.4303557574748993,"y":-0.6672691702842712},{"x":0.39661332964897158,"y":0.3016042709350586},{"x":-0.22430956363677979,"y":-0.1749567985534668},{"x":0.16657769680023194,"y":-0.3548779785633087},{"x":-0.7212173938751221,"y":0.25969770550727847},{"x":-0.08717882633209229,"y":-0.6993752121925354},{"x":-0.20424282550811768,"y":0.02483189105987549},{"x":0.6558902263641357,"y":-0.7654659152030945},{"x":-0.6373546123504639,"y":-0.5256742835044861},{"x":0.046512722969055179,"y":0.23212376236915589},{"x":-0.15268409252166749,"y":-0.7144729495048523},{"x":0.1767057180404663,"y":0.4932229816913605},{"x":-0.9147615432739258,"y":-0.4635296165943146},{"x":-0.8270535469055176,"y":-0.23874959349632264},{"x":0.4744414985179901,"y":-0.6827794909477234},{"x":0.6812393665313721,"y":-0.7242334485054016},{"x":-0.9707396030426025,"y":0.7029703259468079},{"x":-0.1727086305618286,"y":0.2686857283115387},{"x":0.32792040705680849,"y":-0.5280990600585938},{"x":-0.2639557123184204,"y":-0.33011406660079958},{"x":0.6612668037414551,"y":0.5288894772529602},{"x":-0.7688007354736328,